Dist,District,Bldg,Building,Beginning Grade 9 Students,Transferred In,Year 1,Year 2,Year 3,Year 4,Year 5,Transferred Out,Adjusted Cohort,Graduates,Continuing,Adjusted Actual 5-Year Cohort Graduation Rate,Cohort dropout rate,Continuing Rate
14005,Aberdeen,3857,Harbor High School,4,9,1,0,1,1,4,4,9,2,0,22.2,77.8,0.0
14005,Aberdeen,3476,J M Weatherwax High School,35,10,0,3,1,5,2,26,19,6,2,31.6,57.9,10.5
21226,Adna,2441,Adna Middle/High School,6,4,0,0,0,0,0,7,3,3,0,100.0,0.0,0.0
29103,Anacortes,2467,Anacortes High School,18,7,1,0,1,0,0,11,14,11,1,78.6,14.3,7.1
29103,Anacortes,5176,Cap Sante High School,0,5,0,0,0,3,1,0,5,0,1,0.0,80.0,20.0
29103,Anacortes,1849,Home Education Partnership,0,0,0,0,0,0,0,0,0,0,0,,,
29103,Anacortes,1525,Learning Opportunity Center,0,4,0,0,1,0,0,3,1,0,0,0.0,100.0,0.0
31016,Arlington,2523,Arlington High School,70,18,1,2,2,3,1,50,38,25,4,65.8,23.7,10.5
31016,Arlington,1714,Stillaguamish School,0,0,0,0,0,0,0,0,0,0,0,,,
31016,Arlington,4287,Weston High School,1,17,0,0,1,0,3,6,12,6,2,50.0,33.3,16.7
02420,Asotin-Anatone,2434,Asotin Jr Sr High,6,0,0,0,0,0,0,4,2,2,0,100.0,0.0,0.0
17408,Auburn,5037,Auburn Mountainview High School,27,15,0,1,0,3,3,20,22,15,0,68.2,31.8,0.0
17408,Auburn,4474,Auburn Riverside High School,31,16,0,0,1,1,2,23,24,19,1,79.2,16.7,4.2
17408,Auburn,2795,Auburn Senior High School,67,31,2,1,2,5,7,43,55,24,14,43.6,30.9,25.5
17408,Auburn,2702,West Auburn Senior High School,0,0,0,0,0,0,0,0,0,0,0,,,
18303,Bainbridge Island,2395,Bainbridge High School,50,1,0,0,0,0,1,18,33,29,3,87.9,3.0,9.1
18303,Bainbridge Island,1935,Eagle Harbor High School,4,7,0,0,1,0,1,5,6,4,0,66.7,33.3,0.0
27931,Bates Technical College,5950,Bates Technical High School,0,0,0,0,0,0,0,0,0,0,0,,,
06119,Battle Ground,2415,Battle Ground High School,57,38,0,0,0,3,2,39,56,43,8,76.8,8.9,14.3
06119,Battle Ground,1836,Cam Jr Sr High School,0,0,0,0,0,0,0,0,0,0,0,,,
06119,Battle Ground,1875,Homelink River,0,0,0,0,0,0,0,0,0,0,0,,,
06119,Battle Ground,1597,Homelink Schools,0,0,0,0,0,0,0,0,0,0,0,,,
06119,Battle Ground,4104,Prairie High School,27,14,0,0,0,2,0,24,17,15,0,88.2,11.8,0.0
06119,Battle Ground,4450,Summit View High School,0,17,0,0,0,2,3,9,8,1,2,12.5,62.5,25.0
17405,Bellevue,2701,Bellevue High School,33,6,0,0,0,0,0,11,28,28,0,100.0,0.0,0.0
17405,Bellevue,1832,Bsd Voc Ed/Career Educ Options,0,3,0,0,0,0,3,0,3,0,0,0.0,100.0,0.0
17405,Bellevue,5031,English Language Development,0,0,0,0,0,0,0,0,0,0,0,,,
17405,Bellevue,3588,Interlake Senior High School,39,13,0,0,0,0,4,19,33,15,14,45.5,12.1,42.4
17405,Bellevue,3522,International School,8,1,0,0,0,0,0,2,7,7,0,100.0,0.0,0.0
17405,Bellevue,1746,Kelsey Creek Home School Center,3,4,0,0,1,0,0,5,2,0,1,0.0,50.0,50.0
17405,Bellevue,3486,Newport Senior High School,34,5,0,0,0,0,2,14,25,21,2,84.0,8.0,8.0
17405,Bellevue,3744,Robinswood Middle and High School,14,9,0,1,0,0,0,20,3,2,0,66.7,33.3,0.0
17405,Bellevue,3282,Sammamish Senior High,49,10,0,0,0,0,2,16,43,40,1,93.0,4.7,2.3
37501,Bellingham,2553,Bellingham High School,49,16,1,2,5,2,4,21,44,20,10,45.5,31.8,22.7
37501,Bellingham,1694,Home Port Learning Center,0,0,0,0,0,0,0,0,0,0,0,,,
37501,Bellingham,1647,Options High School,2,4,0,0,1,1,1,3,3,0,0,0.0,100.0,0.0
37501,Bellingham,3576,Sehome High School,29,17,0,2,2,2,1,26,20,10,3,50.0,35.0,15.0
37501,Bellingham,4515,Squalicum High School,47,9,1,1,6,2,4,20,36,19,3,52.8,38.9,8.3
27403,Bethel,2807,Bethel High School,0,88,0,4,3,3,9,43,45,26,0,57.8,42.2,0.0
27403,Bethel,5174,Bethel Online Academy,0,8,0,0,0,2,4,2,6,0,0,0.0,100.0,0.0
27403,Bethel,4186,Cedarcrest Junior High,0,0,0,0,0,0,0,0,0,0,0,,,
27403,Bethel,1510,Challenger Secondary School,4,32,0,0,2,4,2,16,20,8,4,40.0,40.0,20.0
27403,Bethel,5033,Graham Kapowsin High School,0,95,0,1,3,3,2,45,50,41,0,82.0,18.0,0.0
27403,Bethel,3751,Spanaway Junior High,0,0,0,0,0,0,0,0,0,0,0,,,
27403,Bethel,4158,Spanaway Lake High School,1,98,0,1,2,7,9,46,53,31,3,58.5,35.8,5.7
20203,Bickleton,3392,Bickleton Elementary & High Schl,0,0,0,0,0,0,0,0,0,0,0,,,
37503,Blaine,3136,Blaine High School,24,5,0,1,0,0,0,10,19,16,2,84.2,5.3,10.5
37503,Blaine,1783,Timber Ridge,0,0,0,0,0,0,0,0,0,0,0,,,
18100,Bremerton,3109,Bremerton High School,43,26,0,0,0,2,3,24,45,33,7,73.3,11.1,15.6
18100,Bremerton,3883,Morgan Center School,0,2,0,0,0,0,0,1,1,1,0,100.0,0.0,0.0
18100,Bremerton,1737,Renaissance Alternative High School,2,4,0,0,0,0,2,2,4,2,0,50.0,50.0,0.0
18100,Bremerton,5134,Washington Youth Academy,0,0,0,0,0,0,0,0,0,0,0,,,
24111,Brewster,2800,Brewster High School,11,2,0,1,0,0,0,7,6,4,1,66.7,16.7,16.7
09075,Bridgeport,1900,Bridgeport Aurora High School,0,1,0,0,0,1,0,0,1,0,0,0.0,100.0,0.0
09075,Bridgeport,2788,Bridgeport High School,3,2,0,0,0,0,0,1,4,2,2,50.0,0.0,50.0
29100,Burlington-Edison,2362,Burlington Edison High School,33,9,0,0,4,2,0,20,22,16,0,72.7,27.3,0.0
29100,Burlington-Edison,1928,Burlington-Edison Alternative School,0,0,0,0,0,0,0,0,0,0,0,,,
06117,Camas,4567,Camas High School,51,13,1,1,1,0,0,34,30,24,3,80.0,10.0,10.0
06117,Camas,5104,Hayes Freedom High School,0,16,0,0,1,1,1,3,13,9,1,69.2,23.1,7.7
05401,Cape Flattery,3422,Clallam Bay High & Elementary,0,0,0,0,0,0,0,0,0,0,0,,,
05401,Cape Flattery,3145,Neah Bay Junior/ Senior High School,8,0,0,0,0,0,2,2,6,3,1,50.0,33.3,16.7
04228,Cascade,3564,Cascade High School,20,4,0,0,0,1,0,15,9,8,0,88.9,11.1,0.0
04222,Cashmere,3268,Cashmere High School,9,1,0,0,0,0,1,2,8,5,2,62.5,12.5,25.0
08401,Castle Rock,2281,Castle Rock High School,24,3,0,1,0,0,2,7,20,16,1,80.0,15.0,5.0
08401,Castle Rock,5185,Productive Learning Online,0,0,0,0,0,0,0,0,0,0,0,,,
18401,Central Kitsap,3936,Alternative High School,1,19,0,0,1,1,0,11,9,5,2,55.6,22.2,22.2
18401,Central Kitsap,2615,Central Kitsap High School,0,43,0,0,1,1,1,16,27,17,7,63.0,11.1,25.9
18401,Central Kitsap,3237,Central Kitsap Junior High,0,0,0,0,0,0,0,0,0,0,0,,,
18401,Central Kitsap,1903,East Side Alt,1,7,0,0,0,0,0,3,5,5,0,100.0,0.0,0.0
18401,Central Kitsap,3791,Fairview Junior High School,0,0,0,0,0,0,0,0,0,0,0,,,
18401,Central Kitsap,4509,Klahowya Secondary,28,17,0,0,1,0,2,21,24,19,2,79.2,12.5,8.3
18401,Central Kitsap,1653,New Frontiers Jr High,0,0,0,0,0,0,0,0,0,0,0,,,
18401,Central Kitsap,1740,Off Campus,1,4,0,0,1,1,2,1,4,0,0,0.0,100.0,0.0
18401,Central Kitsap,4100,Olympic High School,0,41,0,0,0,0,1,22,19,15,3,78.9,5.3,15.8
18401,Central Kitsap,4249,Ridgetop Junior High,0,0,0,0,0,0,0,0,0,0,0,,,
32356,Central Valley,3918,Barker Center,3,16,0,0,1,1,0,10,9,2,5,22.2,22.2,55.6
32356,Central Valley,3065,Central Valley High School,60,13,1,1,2,1,3,34,39,31,0,79.5,20.5,0.0
32356,Central Valley,5166,I-TRACC,0,2,0,0,0,1,0,0,2,1,0,50.0,50.0,0.0
32356,Central Valley,1964,Spokane Valley Learning Academy,0,0,0,0,0,0,0,0,0,0,0,,,
32356,Central Valley,3415,University High School,59,21,1,0,6,1,1,40,40,31,0,77.5,22.5,0.0
21401,Centralia,2166,Centralia High School,28,13,2,0,2,8,2,14,27,12,1,44.4,51.9,3.7
21302,Chehalis,2027,Green Hill Academic School,5,37,0,0,2,6,8,22,20,2,2,10.0,80.0,10.0
21302,Chehalis,2799,W F West High School,20,6,0,1,0,1,1,12,14,6,5,42.9,21.4,35.7
32360,Cheney,3610,Cheney High School,33,10,0,0,3,1,2,20,23,15,2,65.2,26.1,8.7
32360,Cheney,1769,Three Springs High School,2,5,0,0,2,0,1,1,6,3,0,50.0,50.0,0.0
33036,Chewelah,1709,Chewelah Alternative,0,5,0,0,0,1,1,3,2,0,0,0.0,100.0,0.0
33036,Chewelah,1763,Home Link Alternative,0,0,0,0,0,0,0,0,0,0,0,,,
33036,Chewelah,2404,Jenkins Senior High,18,4,0,0,1,1,2,10,12,7,1,58.3,33.3,8.3
16049,Chimacum,3275,Chimacum High School,13,1,0,0,1,1,0,3,11,9,0,81.8,18.2,0.0
16049,Chimacum,1724,PI Program,0,0,0,0,0,0,0,0,0,0,0,,,
02250,Clarkston,2299,Charles Francis Adams High School,23,6,0,0,0,1,0,17,12,9,2,75.0,8.3,16.7
02250,Clarkston,1617,Educational Opportunity Center,6,14,0,0,1,2,8,2,18,4,3,22.2,61.1,16.7
02250,Clarkston,3616,Special Services,3,1,0,0,0,0,0,3,1,1,0,100.0,0.0,0.0
19404,Cle Elum-Roslyn,2329,Cle Elum Roslyn High School,8,1,0,0,1,0,0,7,2,1,0,50.0,50.0,0.0
19404,Cle Elum-Roslyn,1987,Swiftwater Learning Center,0,3,0,0,0,1,0,1,2,1,0,50.0,50.0,0.0
27400,Clover Park,1825,Alfaretta House,0,4,0,0,0,0,0,1,3,0,3,0.0,0.0,100.0
27400,Clover Park,2425,Clover Park High School,72,34,0,1,3,0,7,78,28,16,1,57.1,39.3,3.6
27400,Clover Park,2041,Firwood,9,9,0,0,0,0,0,17,1,0,1,0.0,0.0,100.0
27400,Clover Park,5027,Harrison Prep School,0,0,0,0,0,0,0,0,0,0,0,,,
27400,Clover Park,3456,Lakes High School,37,22,1,0,0,0,1,38,21,15,4,71.4,9.5,19.0
27400,Clover Park,4862,Lakewood Career Academy,5,12,0,0,1,1,1,13,4,1,0,25.0,75.0,0.0
27400,Clover Park,1880,Re-Entry High School,0,0,0,0,0,0,0,0,0,0,0,,,
38300,Colfax,3366,Colfax High School,8,3,0,0,0,0,0,8,3,3,0,100.0,0.0,0.0
38306,Colton,2588,Colton School,3,0,0,0,0,0,0,1,2,2,0,100.0,0.0,0.0
33206,Columbia (Stevens),3508,Columbia High And Elementary,2,0,0,0,0,0,0,1,1,1,0,100.0,0.0,0.0
36400,Columbia (Walla Walla),4049,Columbia High School,12,3,0,1,0,2,0,4,11,7,1,63.6,27.3,9.1
33115,Colville,5105,Columbia Virtual Academy-Colville,0,0,0,0,0,0,0,0,0,0,0,,,
33115,Colville,3310,Colville Senior High School,16,5,0,0,0,0,0,14,7,7,0,100.0,0.0,0.0
33115,Colville,5230,Panorama Distance,0,0,0,0,0,0,0,0,0,0,0,,,
33115,Colville,1594,Panorama School,0,11,0,0,0,2,3,1,10,4,1,40.0,50.0,10.0
29011,Concrete,2810,Concrete High School,12,4,0,0,0,0,0,10,6,6,0,100.0,0.0,0.0
29011,Concrete,1762,Skagit River School House,0,0,0,0,0,0,0,0,0,0,0,,,
29011,Concrete,1605,Twin Cedars High School,1,5,0,2,0,1,1,1,5,0,1,0.0,80.0,20.0
13151,Coulee-Hartline,2968,Almira Coulee Hartline High School,5,3,0,0,0,0,1,6,2,1,0,50.0,50.0,0.0
15204,Coupeville,1913,Cedar Program,0,1,0,0,0,0,0,0,1,1,0,100.0,0.0,0.0
15204,Coupeville,2625,Coupeville High School,7,5,1,0,0,0,0,7,5,4,0,80.0,20.0,0.0
05313,Crescent,3473,Crescent School,5,1,0,1,1,1,0,2,4,1,0,25.0,75.0,0.0
05313,Crescent,5030,HomeConnection,0,0,0,0,0,0,0,0,0,0,0,,,
22073,Creston,2863,Creston Jr-Sr High School,0,0,0,0,0,0,0,0,0,0,0,,,
10050,Curlew,2006,Curlew Elem & High School,4,1,0,0,0,0,0,1,4,4,0,100.0,0.0,0.0
10050,Curlew,1921,Curlew Parent Partner,0,0,0,0,0,0,0,0,0,0,0,,,
26059,Cusick,2423,Cusick Jr Sr High School,4,1,0,0,0,0,0,4,1,1,0,100.0,0.0,0.0
31330,Darrington,3188,Darrington Sr High School,8,5,0,0,0,0,1,5,8,7,0,87.5,12.5,0.0
22207,Davenport,3173,Davenport Senior High School,5,1,0,0,0,0,1,2,4,3,0,75.0,25.0,0.0
07002,Dayton,2302,Dayton High School,4,0,0,0,0,0,0,1,3,2,1,66.7,0.0,33.3
32414,Deer Park,4123,Deer Park High School,28,4,0,1,0,3,1,12,20,9,6,45.0,25.0,30.0
32414,Deer Park,1852,Deer Park Home Link Program,0,0,0,0,0,0,0,0,0,0,0,,,
32361,East Valley (Spokane),3360,East Valley High School,43,17,0,0,0,1,1,28,32,17,13,53.1,6.3,40.6
32361,East Valley (Spokane),5069,East Valley HomeLink,0,0,0,0,0,0,0,0,0,0,0,,,
32361,East Valley (Spokane),1821,GED Program,0,0,0,0,0,0,0,0,0,0,0,,,
32361,East Valley (Spokane),1788,The Connection School,0,0,0,0,0,0,0,0,0,0,0,,,
32361,East Valley (Spokane),5156,Washington Academy of Arts and Technology,0,18,0,0,0,3,0,10,8,3,2,37.5,37.5,25.0
39090,East Valley (Yakima),2344,East Valley High School,30,5,1,0,0,0,0,10,25,23,1,92.0,4.0,4.0
09206,Eastmont,2986,Canyon View Group Home,0,2,0,0,0,0,0,0,2,2,0,100.0,0.0,0.0
09206,Eastmont,3372,Eastmont Junior High,0,0,0,0,0,0,0,0,0,0,0,,,
09206,Eastmont,2727,Eastmont Senior High,0,59,0,0,1,2,3,16,43,36,1,83.7,14.0,2.3
19028,Easton,3554,Easton School,0,0,0,0,0,0,0,0,0,0,0,,,
27404,Eatonville,2206,Eatonville High School,24,6,0,0,1,3,0,15,15,8,3,53.3,26.7,20.0
31015,Edmonds,5060,Edmonds Career Access,0,10,0,0,0,1,1,3,7,0,5,0.0,28.6,71.4
31015,Edmonds,1966,Edmonds Heights K-12,1,2,0,0,0,0,0,2,1,0,1,0.0,0.0,100.0
31015,Edmonds,1519,Edmonds Independent Learning,1,7,0,0,1,1,1,4,4,1,0,25.0,75.0,0.0
31015,Edmonds,3123,Edmonds Woodway High School,59,14,0,3,0,4,2,42,31,20,2,64.5,29.0,6.5
31015,Edmonds,3755,Lynnwood High School,37,20,0,0,1,3,2,35,22,13,3,59.1,27.3,13.6
31015,Edmonds,3818,Maplewood Center,1,2,0,0,0,0,0,0,3,1,2,33.3,0.0,66.7
31015,Edmonds,3464,Meadowdale High School,36,19,0,0,0,1,4,28,27,21,1,77.8,18.5,3.7
31015,Edmonds,3303,Mountlake Terrace High School,45,13,1,1,1,2,2,26,32,25,0,78.1,21.9,0.0
31015,Edmonds,3854,Scriber Lake High School,6,38,0,0,1,2,5,19,25,6,11,24.0,32.0,44.0
31015,Edmonds,1830,Special Education Contracted,6,4,0,0,0,0,1,8,2,1,0,50.0,50.0,0.0
19401,Ellensburg,2996,Ellensburg High School,24,6,1,0,2,3,2,10,20,11,1,55.0,40.0,5.0
19401,Ellensburg,5186,Excel High School,0,2,0,0,0,1,0,1,1,0,0,0.0,100.0,0.0
19401,Ellensburg,5097,K-12 Ellensburg Learning Center,0,6,0,0,0,1,0,3,3,0,2,0.0,33.3,66.7
14068,Elma,1629,East Grays Harbor High School,1,2,1,0,0,0,0,1,2,1,0,50.0,50.0,0.0
14068,Elma,2137,Elma High School,23,9,0,0,1,3,1,13,19,10,4,52.6,26.3,21.1
04127,Entiat,3317,Entiat Middle and High School,2,1,0,0,0,0,0,1,2,2,0,100.0,0.0,0.0
17216,Enumclaw,3330,Enumclaw Sr High School,44,8,0,2,2,2,1,19,33,21,5,63.6,21.2,15.2
17216,Enumclaw,1986,Muckleshoot Tribal School,2,1,0,0,0,1,1,1,2,0,0,0.0,100.0,0.0
13165,Ephrata,2920,Ephrata High School,29,6,0,0,0,1,0,18,17,14,2,82.4,5.9,11.8
13165,Ephrata,1971,Sage Hills High School,2,8,0,0,1,1,0,1,9,7,0,77.8,22.2,0.0
31002,Everett,3407,Cascade High School,52,17,0,1,1,1,1,28,41,36,1,87.8,9.8,2.4
31002,Everett,2126,Everett High School,64,27,1,1,0,1,3,63,28,18,4,64.3,21.4,14.3
31002,Everett,4438,Henry M. Jackson High School,49,10,0,0,1,2,0,25,34,27,4,79.4,8.8,11.8
31002,Everett,1663,NW Learning Center,0,6,0,0,0,0,1,5,1,0,0,0.0,100.0,0.0
31002,Everett,1811,Pass Program,0,0,0,0,0,0,0,0,0,0,0,,,
31002,Everett,1907,Port Gardner,0,0,0,0,0,0,0,0,0,0,0,,,
31002,Everett,4137,Sequoia High School,9,16,0,1,0,1,1,17,8,3,2,37.5,37.5,25.0
31002,Everett,3903,Special Services,0,10,0,0,0,0,0,5,5,0,5,0.0,0.0,100.0
06114,Evergreen (Clark),2724,Evergreen High School,82,29,0,2,1,3,6,60,51,39,0,76.5,23.5,0.0
06114,Evergreen (Clark),4498,Frontier Middle School,0,0,0,0,0,0,0,0,0,0,0,,,
06114,Evergreen (Clark),4523,Heritage High School,107,33,3,1,2,6,6,73,67,47,2,70.1,26.9,3.0
06114,Evergreen (Clark),1926,Home Choice Academy,0,0,0,0,0,0,0,0,0,0,0,,,
06114,Evergreen (Clark),1801,iQ Academy Washington,1,5,0,0,0,1,1,4,2,0,0,0.0,100.0,0.0
06114,Evergreen (Clark),4042,Legacy High School,1,27,0,0,1,0,3,23,5,1,0,20.0,80.0,0.0
06114,Evergreen (Clark),4162,Mountain View High School,90,33,1,0,3,4,4,77,46,30,4,65.2,26.1,8.7
06114,Evergreen (Clark),5111,Union High School,0,53,0,0,1,1,0,21,32,29,1,90.6,6.3,3.1
17210,Federal Way,5163,Career Academy at Truman High School,0,4,0,0,0,1,0,0,4,3,0,75.0,25.0,0.0
17210,Federal Way,3766,Decatur High School,68,19,1,2,5,2,3,46,41,28,0,68.3,31.7,0.0
17210,Federal Way,1950,Employment Transition Program,0,19,0,0,1,2,0,8,11,0,8,0.0,27.3,72.7
17210,Federal Way,2417,Federal Way High School,75,27,3,2,3,5,2,59,43,27,1,62.8,34.9,2.3
17210,Federal Way,1789,Federal Way Public Academy,0,0,0,0,0,0,0,0,0,0,0,,,
17210,Federal Way,4390,H. S. Truman High School,7,6,0,0,2,0,0,9,4,2,0,50.0,50.0,0.0
17210,Federal Way,1759,Internet Academy,0,0,0,0,0,0,0,0,0,0,0,,,
17210,Federal Way,4340,Merit School,0,0,0,0,0,0,0,0,0,0,0,,,
17210,Federal Way,1951,Support School,3,10,0,0,1,1,1,10,3,0,0,0.0,100.0,0.0
17210,Federal Way,3584,Thomas Jefferson High School,50,23,0,2,2,4,3,36,37,25,1,67.6,29.7,2.7
17210,Federal Way,4570,Todd Beamer High School,50,19,0,0,2,4,4,35,34,23,1,67.6,29.4,2.9
37502,Ferndale,2488,Ferndale High School,53,16,2,1,2,6,3,32,37,18,5,48.6,37.8,13.5
37502,Ferndale,3135,Lummi High School,7,1,0,1,0,2,2,0,8,3,0,37.5,62.5,0.0
27417,Fife,4582,Columbia Junior High School,0,0,0,0,0,0,0,0,0,0,0,,,
27417,Fife,2773,Fife High School,0,29,0,1,2,0,0,12,17,13,1,76.5,17.6,5.9
27417,Fife,1793,Learning Opportunity Center,0,2,0,0,1,0,0,0,2,1,0,50.0,50.0,0.0
03053,Finley,2367,River View High School,5,4,0,0,0,0,1,2,7,6,0,85.7,14.3,0.0
27402,Franklin Pierce,2876,Franklin Pierce High School,48,18,1,2,2,2,4,34,32,16,5,50.0,34.4,15.6
27402,Franklin Pierce,4063,Gates Secondary School,4,13,0,0,0,0,1,8,9,8,0,88.9,11.1,0.0
27402,Franklin Pierce,3648,Washington High School,38,21,1,0,4,0,1,35,24,16,2,66.7,25.0,8.3
32358,Freeman,5110,Freeman CVA School,0,0,0,0,0,0,0,0,0,0,0,,,
32358,Freeman,3192,Freeman High School,18,3,0,0,0,1,0,4,17,16,0,94.1,5.9,0.0
38302,Garfield,1962,Garfield at Palouse High School,1,0,0,0,0,0,0,0,1,1,0,100.0,0.0,0.0
20401,Glenwood,3048,Glenwood Secondary,0,0,0,0,0,0,0,0,0,0,0,,,
20404,Goldendale,2856,Goldendale High School,10,5,0,1,2,1,1,1,14,8,1,57.1,35.7,7.1
13301,Grand Coulee Dam,2801,Lake Roosevelt High School,11,6,0,0,1,0,1,6,11,8,1,72.7,18.2,9.1
39200,Grandview,1645,Compass High School,2,4,0,0,0,0,0,4,2,2,0,100.0,0.0,0.0
39200,Grandview,1776,Contract Learning Center,0,5,0,0,0,1,1,2,3,1,0,33.3,66.7,0.0
39200,Grandview,2555,Grandview High School,25,4,0,0,0,1,1,20,9,7,0,77.8,22.2,0.0
39200,Grandview,1679,YVCC GED School,0,0,0,0,0,0,0,0,0,0,0,,,
39204,Granger,1661,Granger Alternative High School,1,1,1,0,0,0,0,1,1,0,0,0.0,100.0,0.0
39204,Granger,3314,Granger High School,10,4,0,1,0,0,0,6,8,7,0,87.5,12.5,0.0
31332,Granite Falls,5171,Crossroads Alternative High School,0,13,0,0,0,1,0,3,10,7,2,70.0,10.0,20.0
31332,Granite Falls,2580,Granite Falls High School,33,8,0,0,0,0,0,22,19,17,2,89.5,0.0,10.5
22204,Harrington,3113,Harrington High School,0,0,0,0,0,0,0,0,0,0,0,,,
39203,Highland,4559,Highland High School,13,2,0,0,0,0,0,2,13,10,3,76.9,0.0,23.1
17401,Highline,5063,Academy of Citizenship and Empowerment,18,6,0,0,1,2,0,16,8,3,2,37.5,37.5,25.0
17401,Highline,5102,Arts & Academics Academy,0,20,0,0,0,0,1,16,4,3,0,75.0,25.0,0.0
17401,Highline,3553,Aviation High School,0,0,0,0,0,0,0,0,0,0,0,,,
17401,Highline,5028,Big Picture School,4,9,0,0,0,0,1,5,8,6,1,75.0,12.5,12.5
17401,Highline,5116,Career Link,0,2,0,0,0,0,1,1,1,0,0,0.0,100.0,0.0
17401,Highline,1539,CHOICE Academy,0,0,0,0,0,0,0,0,0,0,0,,,
17401,Highline,3099,Evergreen High School,0,0,0,0,0,0,0,0,0,0,0,,,
17401,Highline,5064,Global Connections High School,12,7,0,0,0,0,1,10,9,2,6,22.2,11.1,66.7
17401,Highline,5101,Health Sciences & Human Services,0,15,0,0,0,2,0,8,7,3,2,42.9,28.6,28.6
17401,Highline,2325,Highline High School,46,27,1,2,3,6,1,39,34,9,12,26.5,38.2,35.3
17401,Highline,3279,Mount Rainier High School,41,21,1,0,4,4,3,30,32,17,3,53.1,37.5,9.4
17401,Highline,1972,New Start,4,25,0,1,1,5,4,10,19,5,3,26.3,57.9,15.8
17401,Highline,5065,Odyssey - The Essential School,4,5,0,0,0,0,0,8,1,0,1,0.0,0.0,100.0
17401,Highline,5172,Puget Sound High School,0,0,0,0,0,0,0,0,0,0,0,,,
17401,Highline,5103,"Technology, Engineering & Communications",0,13,0,0,0,1,1,6,7,4,1,57.1,28.6,14.3
06098,Hockinson,4568,Hockinson High School,13,9,0,0,1,1,0,12,10,8,0,80.0,20.0,0.0
14028,Hoquiam,3622,Hoquiam High School,35,5,0,0,2,5,1,20,20,9,3,45.0,40.0,15.0
14028,Hoquiam,5191,Hoquiam Homelink School,0,1,0,0,0,0,1,0,1,0,0,0.0,100.0,0.0
10070,Inchelium,2603,Inchelium High School,1,0,0,0,0,0,1,0,1,0,0,0.0,100.0,0.0
17411,Issaquah,3569,Echo Glen,38,27,0,0,1,1,4,59,6,0,0,0.0,100.0,0.0
17411,Issaquah,3385,Issaquah High School,2,37,0,0,0,1,3,10,29,22,3,75.9,13.8,10.3
17411,Issaquah,1624,Issaquah Special Services,0,4,0,0,0,0,0,3,1,1,0,100.0,0.0,0.0
17411,Issaquah,3962,Liberty Sr High School,40,6,0,1,0,1,0,21,25,18,5,72.0,8.0,20.0
17411,Issaquah,5026,Pacific Cascade Freshman Campus,61,3,2,0,0,0,0,62,2,0,0,0.0,100.0,0.0
17411,Issaquah,4495,Skyline High School,1,24,0,1,0,0,0,3,22,19,2,86.4,4.5,9.1
17411,Issaquah,1540,Tiger Mountain Community High School,6,10,0,1,0,1,1,7,9,6,0,66.7,33.3,0.0
11056,Kahlotus,3214,Kahlotus Elem & High,0,0,0,0,0,0,0,0,0,0,0,,,
08402,Kalama,2561,Kalama Jr Sr High,19,2,0,0,0,1,0,7,14,12,1,85.7,7.1,7.1
08458,Kelso,2266,Kelso High School,44,23,0,0,1,4,1,29,38,30,2,78.9,15.8,5.3
08458,Kelso,5194,Kelso Virtual Academy,0,0,0,0,0,0,0,0,0,0,0,,,
08458,Kelso,1934,Loowit High School,0,0,0,0,0,0,0,0,0,0,0,,,
03017,Kennewick,3731,Kamiakin High School,59,20,1,2,2,2,3,39,40,28,2,70.0,25.0,5.0
03017,Kennewick,2826,Kennewick High School,60,15,0,2,6,2,2,36,39,21,6,53.8,30.8,15.4
03017,Kennewick,1884,Legacy High School,0,24,0,0,2,4,3,11,13,2,2,15.4,69.2,15.4
03017,Kennewick,5106,Phoenix High School,0,6,0,0,0,0,0,2,4,3,1,75.0,0.0,25.0
03017,Kennewick,4484,Southridge High School,45,8,1,0,0,2,1,26,27,20,3,74.1,14.8,11.1
17415,Kent,3014,Kent Mountain View Academy,0,2,0,0,0,0,0,1,1,1,0,100.0,0.0,0.0
17415,Kent,5098,Kent Phoenix Academy,0,20,0,0,1,2,2,10,10,3,2,30.0,50.0,20.0
17415,Kent,4492,Kentlake High School,49,29,0,0,0,6,3,43,35,23,3,65.7,25.7,8.6
17415,Kent,2797,Kent-Meridian High School,95,49,1,4,7,7,6,70,74,29,20,39.2,33.8,27.0
17415,Kent,3640,Kentridge High School,43,26,2,4,3,7,1,32,37,17,3,45.9,45.9,8.1
17415,Kent,4128,Kentwood High School,70,12,0,2,2,6,2,42,40,26,2,65.0,30.0,5.0
17415,Kent,1807,Regional Justice Center,0,0,0,0,0,0,0,0,0,0,0,,,
33212,Kettle Falls,4206,Kettle Falls High School,7,4,0,0,0,1,0,3,8,6,1,75.0,12.5,12.5
03052,Kiona-Benton City,2904,Kiona-Benton City High School,32,4,2,3,0,3,1,8,28,18,1,64.3,32.1,3.6
19403,Kittitas,2766,Kittitas High School,8,2,0,0,0,2,0,3,7,3,2,42.9,28.6,28.6
19403,Kittitas,3213,Parke Creek Treatment Ctr,0,0,0,0,0,0,0,0,0,0,0,,,
19403,Kittitas,5095,Productive Learning Academics Northwest,3,8,0,1,0,0,0,10,1,0,0,0.0,100.0,0.0
20402,Klickitat,3494,Klickitat Elem & High,0,0,0,0,0,0,0,0,0,0,0,,,
06101,La Center,4431,La Center High School,18,4,0,0,0,2,1,8,14,11,0,78.6,21.4,0.0
29311,La Conner,2276,La Conner High School,6,4,0,0,0,0,0,5,5,5,0,100.0,0.0,0.0
38126,LaCrosse,2088,Lacrosse High School,0,0,0,0,0,0,0,0,0,0,0,,,
04129,Lake Chelan,4260,Chelan High School,10,4,0,0,2,0,0,8,6,2,2,33.3,33.3,33.3
04129,Lake Chelan,5038,Chelan Prepatory High School,0,1,0,0,1,0,0,0,1,0,0,0.0,100.0,0.0
04129,Lake Chelan,1940,Glacier Valley High School,1,4,0,0,0,1,0,3,2,0,1,0.0,50.0,50.0
14097,Lake Quinault,2973,Lake Quinault High School,4,1,0,0,0,2,1,2,3,0,0,0.0,100.0,0.0
31004,Lake Stevens,1753,Homelink,1,3,0,0,0,0,0,3,1,1,0,100.0,0.0,0.0
31004,Lake Stevens,2426,Lake Stevens Sr High School,71,24,1,0,2,4,1,44,51,40,3,78.4,15.7,5.9
31004,Lake Stevens,4140,Prove High School,2,11,0,1,1,3,0,8,5,0,0,0.0,100.0,0.0
17414,Lake Washington,1976,19-21 Transition Academy,0,8,0,0,0,0,0,7,1,1,0,100.0,0.0,0.0
17414,Lake Washington,3855,Best Sr High,2,20,0,0,0,0,3,17,5,2,0,40.0,60.0,0.0
17414,Lake Washington,4439,Eastlake High School,1,38,0,0,0,0,3,10,29,26,0,89.7,10.3,0.0
17414,Lake Washington,1800,Environmental & Adventure School,0,0,0,0,0,0,0,0,0,0,0,,,
17414,Lake Washington,4148,Evergreen Junior High,0,0,0,0,0,0,0,0,0,0,0,,,
17414,Lake Washington,1688,Family Learning Center,2,2,0,0,0,0,0,3,1,1,0,100.0,0.0,0.0
17414,Lake Washington,1804,Futures School,0,12,0,0,0,0,0,5,7,7,0,100.0,0.0,0.0
17414,Lake Washington,1706,International Community School,0,0,0,0,0,0,0,0,0,0,0,,,
17414,Lake Washington,3771,Juanita High,2,75,0,1,1,0,2,42,35,31,0,88.6,11.4,0.0
17414,Lake Washington,2739,Lake Washington High,2,58,0,2,2,2,5,27,33,21,1,63.6,33.3,3.0
17414,Lake Washington,4167,Northstar,0,0,0,0,0,0,0,0,0,0,0,,,
17414,Lake Washington,3528,Redmond High,1,71,0,0,0,9,1,25,47,37,0,78.7,21.3,0.0
17414,Lake Washington,3232,Redmond Junior High School,0,0,0,0,0,0,0,0,0,0,0,,,
17414,Lake Washington,3706,Rose Hill Junior High,0,0,0,0,0,0,0,0,0,0,0,,,
31306,Lakewood,4204,Lakewood High School,35,7,3,0,2,1,3,22,20,8,3,40.0,45.0,15.0
32362,Liberty,3416,Liberty High School,8,4,0,0,0,1,2,5,7,4,0,57.1,42.9,0.0
01158,Lind,2903,Lind Jr Sr High,0,0,0,0,0,0,0,0,0,0,0,,,
08122,Longview,3151,Mark Morris High School,32,18,0,0,4,4,3,25,25,13,1,52.0,44.0,4.0
08122,Longview,2416,R A Long High School,43,18,0,0,3,5,6,30,31,14,3,45.2,45.2,9.7
28144,Lopez,2632,Lopez Middle High School,2,2,0,0,1,1,0,0,4,2,0,50.0,50.0,0.0
20406,Lyle,3111,Lyle High School,4,1,0,0,1,0,0,1,4,3,0,75.0,25.0,0.0
37504,Lynden,1983,Lynden Academy,0,1,0,0,0,0,1,0,1,0,0,0.0,100.0,0.0
37504,Lynden,4201,Lynden High School,17,9,0,0,0,2,1,7,19,10,6,52.6,15.8,31.6
37504,Lynden,1783,Timber Ridge,1,3,0,0,1,0,0,3,1,0,0,0.0,100.0,0.0
39120,Mabton,2593,Mabton Sr High School,4,3,0,0,0,0,0,4,3,3,0,100.0,0.0,0.0
09207,Mansfield,2233,Mansfield Elem and High School,2,0,0,0,0,0,0,1,1,1,0,100.0,0.0,0.0
04019,Manson,2623,Manson Junior Senior High School,11,1,0,0,0,0,1,1,11,10,0,90.9,9.1,0.0
23311,Mary M Knight,3495,Mary M Knight High School,2,1,0,0,0,0,0,2,1,1,0,100.0,0.0,0.0
33207,Mary Walker,1820,Mary Walker Alternative High Schl,0,2,0,0,1,1,0,0,2,0,0,0.0,100.0,0.0
33207,Mary Walker,3311,Mary Walker High School,9,1,0,0,1,1,0,2,8,6,0,75.0,25.0,0.0
33207,Mary Walker,1819,Parent Partner Program,0,0,0,0,0,0,0,0,0,0,0,,,
31025,Marysville,5209,Academy of Const and Engineering,0,0,0,0,0,0,0,0,0,0,0,,,
31025,Marysville,5210,Bio Med Academy,0,0,0,0,0,0,0,0,0,0,0,,,
31025,Marysville,1657,Heritage School,3,8,0,2,2,2,0,3,8,2,0,25.0,75.0,0.0
31025,Marysville,5211,Intl Sch of Communications,0,0,0,0,0,0,0,0,0,0,0,,,
31025,Marysville,1927,Marysville Arts and Technology High School,7,13,0,0,1,2,0,8,12,9,0,75.0,25.0,0.0
31025,Marysville,4233,Marysville Mountain View High School,2,28,0,1,2,3,4,9,21,10,1,47.6,47.6,4.8
31025,Marysville,5212,Marysville On-line Move Up Program,0,0,0,0,0,0,0,0,0,0,0,,,
31025,Marysville,3756,Marysville Pilchuck High School,66,76,0,0,4,5,0,103,39,30,0,76.9,23.1,0.0
31025,Marysville,1910,Marysville SD Special,5,24,0,1,1,0,2,11,18,5,9,27.8,22.2,50.0
31025,Marysville,5213,MP Pathways of Choice,0,8,0,0,0,0,1,4,4,2,1,50.0,25.0,25.0
31025,Marysville,5214,School for the Entrepreneur,0,1,0,0,0,0,0,0,1,1,0,100.0,0.0,0.0
31025,Marysville,1744,School Home Partnership Program,1,5,0,0,0,0,0,5,1,1,0,100.0,0.0,0.0
31025,Marysville,2813,Totem Middle School,0,0,0,0,0,0,0,0,0,0,0,,,
32354,Mead,1803,Mead Alternative High School,1,14,0,0,1,3,0,9,6,2,0,33.3,66.7,0.0
32354,Mead,1858,Mead Education Partnership Prog,1,5,0,0,2,0,0,4,2,0,0,0.0,100.0,0.0
32354,Mead,2402,Mead Senior High School,41,6,1,0,1,0,1,26,21,15,3,71.4,14.3,14.3
32354,Mead,4491,Mt Spokane High School,50,9,0,0,2,1,0,22,37,31,3,83.8,8.1,8.1
32326,Medical Lake,5042,Medical Lake Alternative High School,0,1,0,0,0,0,0,0,1,1,0,100.0,0.0,0.0
32326,Medical Lake,2890,Medical Lake High School,19,7,0,0,0,1,0,10,16,15,0,93.8,6.3,0.0
17400,Mercer Island,3029,Mercer Island High School,37,5,0,0,0,1,0,10,32,29,2,90.6,3.1,6.3
37505,Meridian,2554,Meridian High School,22,5,0,0,1,1,1,13,14,11,0,78.6,21.4,0.0
24350,Methow Valley,1621,Alternative School,0,3,0,0,0,1,0,2,1,0,0,0.0,100.0,0.0
24350,Methow Valley,1845,Home School Experience,0,0,0,0,0,0,0,0,0,0,0,,,
24350,Methow Valley,2146,Liberty Bell Jr Sr High,5,1,0,0,0,0,0,4,2,1,1,50.0,0.0,50.0
31103,Monroe,1806,Leaders In Learning,1,5,0,0,0,1,0,3,3,1,1,33.3,33.3,33.3
31103,Monroe,3692,Leaders In Learning,0,0,0,0,0,0,0,0,0,0,0,,,
31103,Monroe,4528,Monroe High School,59,10,1,0,1,0,3,29,40,28,7,70.0,12.5,17.5
31103,Monroe,1643,Out Of District Special Ed,5,1,0,0,0,0,1,5,1,0,0,0.0,100.0,0.0
31103,Monroe,5154,Shoreline-Monroe High School,0,0,0,0,0,0,0,0,0,0,0,,,
31103,Monroe,1777,Sky Valley Education Center,0,0,0,0,0,0,0,0,0,0,0,,,
31103,Monroe,5109,WAVA,0,17,0,0,0,3,0,12,5,2,0,40.0,60.0,0.0
14066,Montesano,2180,Montesano Jr-Sr High,14,4,0,0,0,2,0,11,7,5,0,71.4,28.6,0.0
14066,Montesano,5193,Montesano Learning Academy,0,2,0,0,0,0,0,0,2,1,1,50.0,0.0,50.0
21214,Morton,3112,Morton Junior-Senior High,5,2,0,0,0,1,1,3,4,2,0,50.0,50.0,0.0
13161,Moses Lake,4580,Columbia Basin Secondary School,4,6,0,1,1,2,0,4,6,1,1,16.7,66.7,16.7
13161,Moses Lake,3215,Moses Lake High School,45,13,0,1,3,4,5,16,42,25,4,59.5,31.0,9.5
21206,Mossyrock,5227,Mossyrock Academy,0,0,0,0,0,0,0,0,0,0,0,,,
21206,Mossyrock,3238,Mossyrock Jr./Sr. High School,9,1,0,0,0,0,0,6,4,3,1,75.0,0.0,25.0
39209,Mount Adams,2532,White Swan High School,16,1,1,0,1,0,3,5,12,5,2,41.7,41.7,16.7
37507,Mount Baker,5112,Mount Baker Academy,0,0,0,0,0,0,0,0,0,0,0,,,
37507,Mount Baker,2343,Mount Baker Senior High,34,11,0,0,1,5,0,18,27,13,8,48.1,22.2,29.6
37507,Mount Baker,1783,Timber Ridge,3,2,1,0,0,0,0,4,1,0,0,0.0,100.0,0.0
29320,Mount Vernon,2295,Mount Vernon High School,49,22,3,1,1,6,9,33,38,16,2,42.1,52.6,5.3
29320,Mount Vernon,3829,Mount Vernon Special Ed,2,4,0,0,2,0,0,4,2,0,0,0.0,100.0,0.0
29320,Mount Vernon,1992,Skagit Family Learning Center MVSD,0,0,0,0,0,0,0,0,0,0,0,,,
31006,Mukilteo,4247,ACES High School,0,6,0,0,0,1,1,1,5,2,1,40.0,40.0,20.0
31006,Mukilteo,4430,Harbour Pointe Middle School,1,0,0,0,0,0,0,0,1,1,0,100.0,0.0,0.0
31006,Mukilteo,4433,Kamiak High School,43,13,0,0,0,1,1,25,31,22,7,71.0,6.5,22.6
31006,Mukilteo,3688,Mariner High School,99,38,2,3,3,4,4,67,70,38,16,54.3,22.9,22.9
39003,Naches Valley,2591,Naches Valley High School,9,4,0,0,0,2,0,5,8,5,1,62.5,25.0,12.5
21014,Napavine,2273,Napavine Jr Sr High School,6,1,0,0,0,1,0,3,4,3,0,75.0,25.0,0.0
25155,Naselle-Grays River Valley,3295,Naselle Jr Sr High Schools,2,2,0,0,0,0,0,0,4,4,0,100.0,0.0,0.0
25155,Naselle-Grays River Valley,3599,Naselle Youth Camp School,4,37,0,1,3,6,1,28,13,2,0,15.4,84.6,0.0
26056,Newport,5117,Newport Alternative High School,0,0,0,0,0,0,0,0,0,0,0,,,
26056,Newport,2518,Newport High School,7,4,0,1,0,2,2,3,8,2,1,25.0,62.5,12.5
26056,Newport,5118,Newport Parent Partnership,0,0,0,0,0,0,0,0,0,0,0,,,
32325,Nine Mile Falls,4333,Lakeside High School,21,3,0,0,0,0,0,10,14,13,1,92.9,0.0,7.1
32325,Nine Mile Falls,1722,Phoenix Alternative School,1,2,0,0,1,0,0,2,1,0,0,0.0,100.0,0.0
37506,Nooksack Valley,2459,Nooksack Valley High School,26,8,0,0,0,0,2,11,23,20,1,87.0,8.7,4.3
37506,Nooksack Valley,1783,Timber Ridge,1,1,0,0,0,1,0,1,1,0,0,0.0,100.0,0.0
14064,North Beach,2728,North Beach Senior High School,11,4,0,0,0,0,1,9,6,5,0,83.3,16.7,0.0
11051,North Franklin,1850,Camp Outlook,0,0,0,0,0,0,0,0,0,0,0,,,
11051,North Franklin,3272,Connell High School,17,2,0,0,0,0,0,10,9,9,0,100.0,0.0,0.0
11051,North Franklin,1754,Palouse Junction High School,0,8,0,0,0,1,2,2,6,3,0,50.0,50.0,0.0
18400,North Kitsap,5085,Kingston High School,0,36,0,0,1,3,4,11,25,12,5,48.0,32.0,20.0
18400,North Kitsap,4359,Kingston Middle School,42,0,1,0,0,0,0,41,1,0,0,0.0,100.0,0.0
18400,North Kitsap,3236,North Kitsap High School,4,44,0,0,1,5,5,11,37,12,14,32.4,29.7,37.8
18400,North Kitsap,1733,Pal Program,0,0,0,0,0,0,0,0,0,0,0,,,
18400,North Kitsap,2476,Poulsbo Middle School,0,0,0,0,0,0,0,0,0,0,0,,,
18400,North Kitsap,1677,Special Programs,0,1,0,0,0,0,0,0,1,1,0,100.0,0.0,0.0
18400,North Kitsap,1562,Spectrum Community School,2,0,0,0,1,0,0,1,1,0,0,0.0,100.0,0.0
23403,North Mason,1861,North Mason Homelink Program,1,3,0,0,0,0,0,3,1,1,0,100.0,0.0,0.0
23403,North Mason,3175,North Mason Senior High School,31,7,0,1,1,1,0,15,23,18,2,78.3,13.0,8.7
23403,North Mason,1680,PACE Academy (OPTIONS),1,5,0,0,0,0,2,2,4,0,2,0.0,50.0,50.0
25200,North River,2292,North River School,1,0,0,0,0,0,0,0,1,1,0,100.0,0.0,0.0
34003,North Thurston,3010,North Thurston High School,50,28,0,1,0,3,6,45,33,23,0,69.7,30.3,0.0
34003,North Thurston,4427,River Ridge High School,46,22,1,0,2,1,3,38,30,23,0,76.7,23.3,0.0
34003,North Thurston,4314,South Sound High School,2,28,0,0,1,4,4,17,13,4,0,30.8,69.2,0.0
34003,North Thurston,3710,Timberline High School,45,21,0,0,1,3,1,40,26,21,0,80.8,19.2,0.0
33211,Northport,2958,Northport High School,2,0,0,0,0,0,0,1,1,0,1,0.0,0.0,100.0
17417,Northshore,3106,Bothell High School,0,96,0,1,2,6,2,28,68,51,6,75.0,16.2,8.8
17417,Northshore,3493,Canyon Park Jr High,0,0,0,0,0,0,0,0,0,0,0,,,
17417,Northshore,3492,Inglemoor HS,1,72,0,0,0,1,0,23,50,44,5,88.0,2.0,10.0
17417,Northshore,1814,Northshore Networks,4,18,0,0,0,1,1,15,7,5,0,71.4,28.6,0.0
17417,Northshore,1815,Northshore Special Services,2,3,0,0,1,0,0,3,2,1,0,50.0,50.0,0.0
17417,Northshore,3811,Secondary Academy for Success,7,10,0,0,0,1,0,5,12,11,0,91.7,8.3,0.0
17417,Northshore,4371,Skyview Jr High,0,0,0,0,0,0,0,0,0,0,0,,,
17417,Northshore,3396,Woodinville Community Center,0,3,0,0,0,0,0,1,2,2,0,100.0,0.0,0.0
17417,Northshore,4208,Woodinville HS,0,63,0,0,0,2,1,17,46,34,9,73.9,6.5,19.6
15201,Oak Harbor,1758,Homeconnection,0,0,0,0,0,0,0,0,0,0,0,,,
15201,Oak Harbor,2974,Oak Harbor High School,42,23,0,0,1,1,1,26,39,32,4,82.1,7.7,10.3
38324,Oakesdale,2432,Oakesdale High School,0,1,0,0,0,0,0,0,1,1,0,100.0,0.0,0.0
14400,Oakville,2283,Oakville High School,6,0,0,0,0,1,0,1,5,2,2,40.0,20.0,40.0
25101,Ocean Beach,1696,Ilwaco Alternative High School,0,0,0,0,0,0,0,0,0,0,0,,,
25101,Ocean Beach,4220,Ilwaco Middle/High School,12,7,0,0,0,2,0,10,9,7,0,77.8,22.2,0.0
14172,Ocosta,3024,Ocosta Junior - Senior High,5,3,0,0,2,0,0,5,3,1,0,33.3,66.7,0.0
22105,Odessa,2443,Odessa High School,1,0,0,0,0,0,0,0,1,1,0,100.0,0.0,0.0
34974,Office of the Governor (School for the Blind),3799,Washington State School for the Blind,6,7,0,0,0,0,0,3,10,5,5,50.0,0.0,50.0
24105,Okanogan,1980,Okanogan Alternative High School,0,1,0,0,0,0,0,0,1,0,1,0.0,0.0,100.0
24105,Okanogan,2246,Okanogan High School,11,2,0,1,0,0,0,6,7,5,1,71.4,14.3,14.3
24105,Okanogan,5151,Okanogan Outreach Alternative School,0,0,0,0,0,0,0,0,0,0,0,,,
34111,Olympia,1768,Avanti High School,1,5,0,0,1,0,0,5,1,0,0,0.0,100.0,0.0
34111,Olympia,3960,Capital High School,36,15,0,0,1,5,3,24,27,17,1,63.0,33.3,3.7
34111,Olympia,3132,Olympia High School,55,15,0,0,0,5,6,28,42,28,3,66.7,26.2,7.1
34111,Olympia,5078,Olympia Regional Learning Academy,0,2,0,0,0,0,1,0,2,1,0,50.0,50.0,0.0
24019,Omak,4279,Omak Alternative High School,4,3,0,0,0,0,1,6,1,0,0,0.0,100.0,0.0
24019,Omak,2031,Omak High School,17,6,0,0,0,0,0,9,14,14,0,100.0,0.0,0.0
24019,Omak,5197,Washington Virtual Academy Omak High School,0,0,0,0,0,0,0,0,0,0,0,,,
21300,Onalaska,1990,Carlisle Lake Alt School Youth Center,0,2,0,0,0,0,0,0,2,2,0,100.0,0.0,0.0
21300,Onalaska,5146,CVA - Onalaska,0,1,0,0,0,0,1,0,1,0,0,0.0,100.0,0.0
21300,Onalaska,2331,Onalaska High School,6,5,0,0,0,0,0,7,4,4,0,100.0,0.0,0.0
28137,Orcas Island,1892,OASIS K-12,0,2,0,0,0,0,0,0,2,1,1,50.0,0.0,50.0
28137,Orcas Island,2750,Orcas Island High School,4,2,0,0,0,0,0,3,3,3,0,100.0,0.0,0.0
24410,Oroville,2706,Oroville Middle-High School,6,5,0,0,0,2,0,5,6,4,0,66.7,33.3,0.0
27344,Orting,2942,Orting High School,25,8,1,0,2,1,0,7,26,18,4,69.2,15.4,15.4
01147,Othello,3015,Othello High School,34,3,0,1,0,2,3,12,25,17,2,68.0,24.0,8.0
38301,Palouse,2634,Palouse High School,2,1,0,0,0,0,0,1,2,1,1,50.0,0.0,50.0
11001,Pasco,5164,Chiawana High School,0,19,0,0,0,4,5,5,14,2,3,14.3,64.3,21.4
11001,Pasco,3912,New Horizons High School,1,10,0,0,0,0,1,6,5,2,2,40.0,20.0,40.0
11001,Pasco,2917,Pasco Senior High School,105,19,1,1,10,6,4,60,64,35,7,54.7,34.4,10.9
24122,Pateros,2397,Pateros High School,2,0,0,0,0,0,0,1,1,1,0,100.0,0.0,0.0
21301,Pe Ell,2858,Pe Ell School,3,0,0,0,0,0,0,2,1,1,0,100.0,0.0,0.0
27401,Peninsula,4081,Gig Harbor High,31,6,0,0,0,1,0,17,20,18,1,90.0,5.0,5.0
27401,Peninsula,1516,Henderson Bay Alt High School,3,21,0,2,0,1,2,9,15,4,6,26.7,33.3,40.0
27401,Peninsula,2681,Peninsula High School,61,8,0,0,3,3,4,32,37,25,2,67.6,27.0,5.4
27401,Peninsula,5121,Tacoma Community College Fresh Start Program,0,0,0,0,0,0,0,0,0,0,0,,,
12110,Pomeroy,2241,Pomeroy Jr Sr High School,4,2,0,0,0,0,0,2,4,4,0,100.0,0.0,0.0
05121,Port Angeles,4003,Lincoln High School,1,10,0,0,0,3,2,4,7,1,1,14.3,71.4,14.3
05121,Port Angeles,2908,Port Angeles High School,61,13,1,5,3,2,2,33,41,27,1,65.9,31.7,2.4
16050,Port Townsend,2503,Port Townsend High School,20,6,0,2,1,0,0,8,18,12,3,66.7,16.7,16.7
36402,Prescott,3575,Prescott Jr Sr High,0,5,0,0,0,0,0,2,3,3,0,100.0,0.0,0.0
03116,Prosser,1728,Prosser Falls Education Center,0,2,0,0,0,0,0,0,2,2,0,100.0,0.0,0.0
03116,Prosser,2508,Prosser High School,27,3,0,0,0,4,0,12,18,7,7,38.9,22.2,38.9
38267,Pullman,2499,Pullman High School,17,5,0,0,2,3,0,4,18,11,2,61.1,27.8,11.1
27003,Puyallup,3447,Aylen Jr High,0,0,0,0,0,0,0,0,0,0,0,,,
27003,Puyallup,4110,Chief Leschi Schools,15,0,0,2,2,3,1,5,10,2,0,20.0,80.0,0.0
27003,Puyallup,4443,Doris Stahl Junior High,0,0,0,0,0,0,0,0,0,0,0,,,
27003,Puyallup,3972,E B Walker High School,7,19,0,0,0,3,3,11,15,7,2,46.7,40.0,13.3
27003,Puyallup,4540,Emerald Ridge High School,0,71,0,1,3,1,0,22,49,43,1,87.8,10.2,2.0
27003,Puyallup,3645,Gov John Rogers High School,1,92,0,1,6,2,1,17,76,54,12,71.1,13.2,15.8
27003,Puyallup,1640,Phoenix Program,0,3,0,0,0,1,0,2,1,0,0,0.0,100.0,0.0
27003,Puyallup,2125,Puyallup High School,0,93,0,3,5,12,1,33,60,35,4,58.3,35.0,6.7
16048,Quilcene,5081,Crossroads Community School,0,1,0,0,0,1,0,0,1,0,0,0.0,100.0,0.0
16048,Quilcene,2474,Quilcene High And Elementary,2,2,0,0,0,0,0,2,2,2,0,100.0,0.0,0.0
05402,Quillayute Valley,1671,District Run Home School,0,0,0,0,0,0,0,0,0,0,0,,,
05402,Quillayute Valley,1500,Forks Alternative School,0,3,0,0,0,0,0,0,3,2,1,66.7,0.0,33.3
05402,Quillayute Valley,2349,Forks High School,7,3,0,0,0,1,1,6,4,1,1,25.0,50.0,25.0
05402,Quillayute Valley,5071,Insight School of Washington,10,74,1,0,3,16,12,32,52,6,14,11.5,61.5,26.9
05402,Quillayute Valley,4174,Quileute Tribal School,2,2,0,0,0,0,0,3,1,1,0,100.0,0.0,0.0
13144,Quincy,3088,Quincy High School,27,2,0,2,3,2,0,6,23,13,3,56.5,30.4,13.0
13144,Quincy,1506,Quincy High Tech High,0,5,0,0,0,2,1,0,5,2,0,40.0,60.0,0.0
34307,Rainier,2468,Rainier Senior High School,9,4,0,0,0,1,0,8,5,4,0,80.0,20.0,0.0
25116,Raymond,2357,Raymond Jr Sr High School,7,1,0,0,1,0,1,2,6,2,2,33.3,33.3,33.3
22009,Reardan-Edwall,2478,Reardan Middle-Senior High School,6,2,0,0,1,0,0,3,5,4,0,80.0,20.0,0.0
22009,Reardan-Edwall,5237,Reardan Online Academy,0,0,0,0,0,0,0,0,0,0,0,,,
17403,Renton,2212,Black River High School,16,15,0,3,3,0,1,19,12,5,0,41.7,58.3,0.0
17403,Renton,3630,Hazen Senior High School,38,12,0,1,2,1,3,24,26,15,4,57.7,26.9,15.4
17403,Renton,1784,Home Program,0,0,0,0,0,0,0,0,0,0,0,,,
17403,Renton,3741,Lindbergh Senior High School,49,18,0,1,2,0,1,39,28,23,1,82.1,14.3,3.6
17403,Renton,2475,Renton Senior High School,53,23,2,0,3,3,1,43,33,23,1,69.7,27.3,3.0
17403,Renton,1527,Sartori Education Center,0,8,0,0,0,0,2,2,6,3,1,50.0,33.3,16.7
10309,Republic,1898,Republic Parent Partner,0,2,0,0,0,0,0,1,1,1,0,100.0,0.0,0.0
10309,Republic,3579,Republic Senior High School,4,1,0,0,0,0,1,1,4,1,2,25.0,25.0,50.0
03400,Richland,3833,Hanford High School,43,9,0,0,3,2,0,11,41,33,3,80.5,12.2,7.3
03400,Richland,3511,Richland High School,63,14,0,0,2,2,0,40,37,32,1,86.5,10.8,2.7
03400,Richland,4295,Rivers Edge High School,4,26,0,0,2,3,1,17,13,5,2,38.5,46.2,15.4
03400,Richland,5165,Three Rivers Home Link,0,0,0,0,0,0,0,0,0,0,0,,,
06122,Ridgefield,2390,Ridgefield High School,21,3,0,0,0,0,2,12,12,9,1,75.0,16.7,8.3
01160,Ritzville,2132,Ritzville High School,2,1,0,0,0,1,0,0,3,2,0,66.7,33.3,0.0
32416,Riverside,1919,Independent Scholar,3,1,0,0,0,0,0,2,2,1,1,50.0,0.0,50.0
32416,Riverside,1554,Riverside Achievement Center,0,4,0,1,0,0,0,3,1,0,0,0.0,100.0,0.0
32416,Riverside,4228,Riverside High School,24,12,0,0,0,0,0,17,19,19,0,100.0,0.0,0.0
32416,Riverside,5005,Riverside Opportunity Center,0,0,0,0,0,0,0,0,0,0,0,,,
17407,Riverview,3524,Cedarcrest High School,38,5,0,1,1,2,0,18,25,17,4,68.0,16.0,16.0
17407,Riverview,1756,CLIP,0,6,0,0,0,2,2,0,6,2,0,33.3,66.7,0.0
17407,Riverview,1854,PARADE,1,0,0,0,0,0,0,0,1,1,0,100.0,0.0,0.0
34401,Rochester,1735,H.e.a.r.t. High School,0,0,0,0,0,0,0,0,0,0,0,,,
34401,Rochester,2029,Maple Lane School,10,71,0,0,0,0,0,78,3,0,3,0.0,0.0,100.0
34401,Rochester,4326,Rochester High School,27,11,0,0,2,1,3,19,19,12,1,63.2,31.6,5.3
38320,Rosalia,3204,Rosalia Elementary & Secondary School,0,0,0,0,0,0,0,0,0,0,0,,,
13160,Royal,3516,Royal High School,16,3,0,0,0,0,1,11,8,7,0,87.5,12.5,0.0
28149,San Juan Island,2879,Friday Harbor High School,10,2,0,0,0,0,0,4,8,7,1,87.5,0.0,12.5
28149,San Juan Island,1963,Griffin Bay School,0,2,0,0,2,0,0,0,2,0,0,0.0,100.0,0.0
17001,Seattle,2220,Ballard High School,60,17,0,0,0,2,0,34,43,37,4,86.0,4.7,9.3
17001,Seattle,3096,Chief Sealth High School,38,21,1,1,3,1,3,26,33,18,6,54.5,27.3,18.2
17001,Seattle,2392,Cleveland High School,25,24,0,1,0,2,1,28,21,12,5,57.1,19.0,23.8
17001,Seattle,1750,Education Service Centers,0,17,0,0,1,2,0,14,3,0,0,0.0,100.0,0.0
17001,Seattle,2182,Franklin High School,49,10,0,2,1,1,0,38,21,16,1,76.2,19.0,4.8
17001,Seattle,2306,Garfield High School,37,6,0,0,0,1,1,23,20,14,4,70.0,10.0,20.0
17001,Seattle,1751,Home School Resource Center,4,2,0,0,0,1,0,3,3,2,0,66.7,33.3,0.0
17001,Seattle,4277,Hutch School,0,0,0,0,0,0,0,0,0,0,0,,,
17001,Seattle,3276,Ingraham High School,44,25,0,1,0,2,2,45,24,13,6,54.2,20.8,25.0
17001,Seattle,1635,Interagency Programs,17,73,0,0,1,8,19,47,43,9,6,20.9,65.1,14.0
17001,Seattle,3871,John Marshall High School,0,0,0,0,0,0,0,0,0,0,0,,,
17001,Seattle,1547,Middle College High School,0,30,0,0,0,1,5,9,21,12,3,57.1,28.6,14.3
17001,Seattle,3479,Nathan Hale High School,46,20,1,0,0,1,0,30,36,31,3,86.1,5.6,8.3
17001,Seattle,3868,Nova High School,14,4,0,0,0,2,1,9,9,6,0,66.7,33.3,0.0
17001,Seattle,5046,Private School Services,0,2,0,0,0,1,0,1,1,0,0,0.0,100.0,0.0
17001,Seattle,3327,Rainier Beach High School,17,27,0,3,0,0,2,28,16,11,0,68.8,31.3,0.0
17001,Seattle,4263,Residential Consortium,0,0,0,0,0,0,0,0,0,0,0,,,
17001,Seattle,2285,Roosevelt High School,57,19,0,1,0,2,4,37,39,27,5,69.2,17.9,12.8
17001,Seattle,1596,Secondary BOC,0,0,0,0,0,0,0,0,0,0,0,,,
17001,Seattle,3778,South Lake High School,9,21,1,0,0,1,1,19,11,6,2,54.5,27.3,18.2
17001,Seattle,3869,Summit K-12,17,6,0,0,1,0,0,22,1,0,0,0.0,100.0,0.0
17001,Seattle,1856,The Center School,9,6,0,0,0,0,0,10,5,5,0,100.0,0.0,0.0
17001,Seattle,2234,West Seattle High School,54,18,1,1,1,0,0,39,33,26,4,78.8,9.1,12.1
29101,Sedro-Woolley,2150,Sedro Woolley Senior High School,45,19,0,1,2,2,0,39,25,19,1,76.0,20.0,4.0
29101,Sedro-Woolley,1537,State Street High School,4,40,0,1,3,9,4,12,32,14,1,43.8,53.1,3.1
39119,Selah,4272,Selah Academy,2,6,0,2,0,0,1,4,4,0,1,0.0,75.0,25.0
39119,Selah,2388,Selah High School,1,48,0,1,3,1,2,12,37,26,4,70.3,18.9,10.8
39119,Selah,4546,Selah Intermediate,0,1,0,0,0,0,0,0,1,0,1,0.0,0.0,100.0
26070,Selkirk,5226,Selkirk High School,0,0,0,0,0,0,0,0,0,0,0,,,
26070,Selkirk,3497,Selkirk Jr-Sr High,1,0,0,0,0,0,0,0,1,1,0,100.0,0.0,0.0
05323,Sequim,1708,Sequim Community School,0,2,0,0,0,1,1,0,2,0,0,0.0,100.0,0.0
05323,Sequim,2471,Sequim Senior High,25,8,0,1,0,1,2,13,20,12,4,60.0,20.0,20.0
23309,Shelton,4288,Choice Alternative School,5,24,0,0,0,6,3,11,18,6,3,33.3,50.0,16.7
23309,Shelton,4363,Oakland Bay Junior High School,0,0,0,0,0,0,0,0,0,0,0,,,
23309,Shelton,3241,Shelton High School,0,57,0,0,1,6,3,24,33,20,3,60.6,30.3,9.1
17412,Shoreline,2612,Fircrest Residential Habilitation,0,6,0,0,0,0,0,3,3,0,3,0.0,0.0,100.0
17412,Shoreline,1667,Handicapped Contractual Services,0,0,0,0,0,0,0,0,0,0,0,,,
17412,Shoreline,1771,Home Education Exchange,0,0,0,0,0,0,0,0,0,0,0,,,
17412,Shoreline,3343,Shorecrest High School,42,8,0,0,0,2,0,24,26,22,2,84.6,7.7,7.7
17412,Shoreline,3921,Shorewood High School,53,22,0,1,3,0,2,22,53,37,10,69.8,11.3,18.9
17404,Skykomish,2513,Skykomish High School,3,2,0,0,1,0,0,3,2,1,0,50.0,50.0,0.0
31201,Snohomish,4265,AIM High School,2,9,0,0,0,2,1,2,9,6,0,66.7,33.3,0.0
31201,Snohomish,4395,Centennial Middle School,0,0,0,0,0,0,0,0,0,0,0,,,
31201,Snohomish,5128,Glacier Peak High School,0,38,0,0,0,0,1,7,31,30,0,96.8,3.2,0.0
31201,Snohomish,3981,High School Re Entry,0,9,0,0,0,1,1,7,2,0,0,0.0,100.0,0.0
31201,Snohomish,1904,Parent Partnerhip,0,0,0,0,0,0,0,0,0,0,0,,,
31201,Snohomish,1730,Snohomish Center,3,2,0,0,0,0,0,4,1,0,1,0.0,0.0,100.0
31201,Snohomish,1704,Snohomish Freshman Campus,0,0,0,0,0,0,0,0,0,0,0,,,
31201,Snohomish,2428,Snohomish High School,5,97,0,0,0,3,3,55,47,36,5,76.6,12.8,10.6
17410,Snoqualmie Valley,2850,Mount Si High School,34,6,0,0,0,1,1,14,26,18,6,69.2,7.7,23.1
17410,Snoqualmie Valley,1502,Two Rivers School,0,9,0,0,0,0,1,6,3,1,1,33.3,33.3,33.3
13156,Soap Lake,1518,Smokiam Alternative High School,0,3,0,0,0,0,0,1,2,1,1,50.0,0.0,50.0
13156,Soap Lake,3089,Soap Lake Middle & High School,3,1,0,0,0,0,0,2,2,2,0,100.0,0.0,0.0
25118,South Bend,2214,South Bend High School,7,1,1,1,0,0,0,3,5,3,0,60.0,40.0,0.0
18402,South Kitsap,3680,Cedar Heights Jh,0,0,0,0,0,0,0,0,0,0,0,,,
18402,South Kitsap,3899,Discovery,0,17,0,0,1,0,3,1,16,9,3,56.3,25.0,18.8
18402,South Kitsap,1718,Explorer Academy,2,3,0,0,0,0,0,4,1,1,0,100.0,0.0,0.0
18402,South Kitsap,4142,John Sedgwick Junior High,0,0,0,0,0,0,0,0,0,0,0,,,
18402,South Kitsap,5072,Madrona Heights PreSchool Program,0,5,0,0,0,1,0,4,1,0,0,0.0,100.0,0.0
18402,South Kitsap,3046,Marcus Whitman Junior High,0,0,0,0,0,0,0,0,0,0,0,,,
18402,South Kitsap,2272,South Kitsap High School,4,119,0,1,9,3,6,48,75,48,8,64.0,25.3,10.7
15206,South Whidbey,1682,Bayview Alternative School,1,3,0,0,0,0,2,0,4,2,0,50.0,50.0,0.0
15206,South Whidbey,4149,South Whidbey High School,24,2,0,0,0,0,0,6,20,20,0,100.0,0.0,0.0
15206,South Whidbey,1770,Whidbey Island Academy Shared Sch,0,0,0,0,0,0,0,0,0,0,0,,,
32081,Spokane,3967,A.C.E,0,0,0,0,0,0,0,0,0,0,0,,,
32081,Spokane,1533,A-3 Multiagency Adolescent Prog,3,6,0,1,0,0,0,6,3,2,0,66.7,33.3,0.0
32081,Spokane,1567,Alternative Bancroft School,7,13,0,0,3,0,2,12,8,2,1,25.0,62.5,12.5
32081,Spokane,1604,Alternative Tamarack School,0,0,0,0,0,0,0,0,0,0,0,,,
32081,Spokane,3008,Bryant Center,0,0,0,0,0,0,0,0,0,0,0,,,
32081,Spokane,1603,Daybreak Alternative School,0,0,0,0,0,0,0,0,0,0,0,,,
32081,Spokane,3819,Excelsior Youth Center School,9,4,1,0,0,0,0,12,1,0,0,0.0,100.0,0.0
32081,Spokane,3412,Ferris High School,38,22,1,2,0,1,2,31,29,22,1,75.9,20.7,3.4
32081,Spokane,3411,Havermale High School,10,47,0,0,2,6,7,26,31,14,2,45.2,48.4,6.5
32081,Spokane,2172,Lewis & Clark High School,66,34,1,3,3,1,6,62,38,20,4,52.6,36.8,10.5
32081,Spokane,2106,North Central High School,66,27,0,1,1,1,1,61,32,28,0,87.5,12.5,0.0
32081,Spokane,2479,Rogers High School,111,42,2,2,6,3,4,92,61,41,3,67.2,27.9,4.9
32081,Spokane,1698,SCCP Images,0,11,0,0,0,0,1,6,5,2,2,40.0,20.0,40.0
32081,Spokane,3189,Shadle Park High School,41,29,1,1,3,1,0,34,36,29,1,80.6,16.7,2.8
32081,Spokane,1767,The Healing Lodge,0,0,0,0,0,0,0,0,0,0,0,,,
22008,Sprague,2186,Sprague High School,3,0,0,0,0,0,0,1,2,2,0,100.0,0.0,0.0
38322,St. John,3068,St John/Endicott High,4,0,0,0,0,1,0,2,2,1,0,50.0,50.0,0.0
31401,Stanwood-Camano,1707,Lincoln Hill High School,0,11,0,1,0,1,2,3,8,3,1,37.5,50.0,12.5
31401,Stanwood-Camano,2581,Stanwood High School,55,11,1,1,1,1,1,23,43,33,5,76.7,11.6,11.6
27001,Steilacoom Historical,4131,Steilacoom High,22,3,0,0,0,1,1,10,15,13,0,86.7,13.3,0.0
30303,Stevenson-Carson,5147,Kaplan Academy of Washington,0,1,0,0,1,0,0,0,1,0,0,0.0,100.0,0.0
30303,Stevenson-Carson,3119,Stevenson High School,23,2,1,0,0,3,2,13,12,6,0,50.0,50.0,0.0
31311,Sultan,5114,Sky Valley Options,0,16,0,0,0,6,3,3,13,4,0,30.8,69.2,0.0
31311,Sultan,5152,Sultan Alternative Education School,0,1,0,0,0,0,0,0,1,0,1,0.0,0.0,100.0
31311,Sultan,4274,Sultan Senior High School,34,7,0,1,0,0,2,27,14,10,1,71.4,21.4,7.1
27320,Sumner,4585,Bonney Lake High School,41,12,0,0,1,2,2,17,36,26,5,72.2,13.9,13.9
27320,Sumner,3247,Sumner High School,32,13,1,2,1,0,0,21,24,17,3,70.8,16.7,12.5
39201,Sunnyside,3313,Harrison Middle School,0,0,0,0,0,0,0,0,0,0,0,,,
39201,Sunnyside,2959,Sunnyside High School,55,15,6,1,6,6,2,19,51,24,6,47.1,41.2,11.8
27010,Tacoma,1585,Comm Based Trans Program,0,6,0,0,0,0,0,0,6,6,0,100.0,0.0,0.0
27010,Tacoma,1797,Day Reporting School,2,11,0,0,0,0,0,12,1,0,1,0.0,0.0,100.0
27010,Tacoma,3880,Foss,58,19,0,1,0,5,5,51,26,10,5,38.5,42.3,19.2
27010,Tacoma,1817,Home Based,0,0,0,0,0,0,0,0,0,0,0,,,
27010,Tacoma,2215,Lincoln,58,33,0,3,1,9,8,49,42,17,4,40.5,50.0,9.5
27010,Tacoma,3398,Mt Tahoma,66,17,0,0,3,4,5,43,40,27,1,67.5,30.0,2.5
27010,Tacoma,4109,Oakland High School,0,26,0,0,1,4,0,18,8,1,2,12.5,62.5,25.0
27010,Tacoma,4281,Park Avenue Center,14,12,0,0,1,0,0,24,2,0,1,0.0,50.0,50.0
27010,Tacoma,2084,Stadium,59,27,1,2,2,2,6,63,23,9,1,39.1,56.5,4.3
27010,Tacoma,5183,Tacoma Business Academy,0,2,0,0,0,0,2,0,2,0,0,0.0,100.0,0.0
27010,Tacoma,1860,Tacoma School of the Arts,0,10,0,0,0,0,0,5,5,5,0,100.0,0.0,0.0
27010,Tacoma,1816,TCC Fresh Start,0,4,0,0,0,1,0,2,2,0,1,0.0,50.0,50.0
27010,Tacoma,3246,Wilson,32,19,0,1,0,4,1,35,16,9,1,56.3,37.5,6.3
14077,Taholah,3580,Taholah High School,1,1,0,0,0,0,0,1,1,1,0,100.0,0.0,0.0
17409,Tahoma,4317,Maple Valley High School,7,4,0,1,0,0,0,10,1,0,0,0.0,100.0,0.0
17409,Tahoma,4556,Tahoma Jr High,0,0,0,0,0,0,0,0,0,0,0,,,
17409,Tahoma,2849,Tahoma Senior High School,0,75,0,1,2,4,4,22,53,38,4,71.7,20.8,7.5
38265,Tekoa,3418,Tekoa High School,0,0,0,0,0,0,0,0,0,0,0,,,
34402,Tenino,3509,Tenino High School,17,11,0,0,0,2,1,11,17,7,7,41.2,17.6,41.2
19400,Thorp,2514,Thorp Elem & Jr Sr High,3,0,0,0,0,0,0,2,1,1,0,100.0,0.0,0.0
21237,Toledo,5190,Toledo Alternative Options,0,0,0,0,0,0,0,0,0,0,0,,,
21237,Toledo,2616,Toledo High School,9,3,0,0,0,0,0,9,3,1,2,33.3,0.0,66.7
24404,Tonasket,2679,Tonasket High School,6,5,0,0,1,1,0,5,6,4,0,66.7,33.3,0.0
39202,Toppenish,1508,Eagle High School,0,9,0,0,2,0,1,4,5,0,2,0.0,60.0,40.0
39202,Toppenish,2900,Toppenish High School,34,5,0,1,2,1,2,19,20,6,8,30.0,30.0,40.0
36300,Touchet,2160,Touchet Elem & High School,1,1,0,0,0,0,0,1,1,1,0,100.0,0.0,0.0
08130,Toutle Lake,2560,Toutle Lake High School,9,5,0,0,0,0,2,5,9,7,0,77.8,22.2,0.0
20400,Trout Lake,2676,Trout Lake School,4,0,0,0,0,0,0,2,2,2,0,100.0,0.0,0.0
17406,Tukwila,2848,Foster Senior High School,13,6,0,0,1,1,0,11,8,2,4,25.0,25.0,50.0
34033,Tumwater,4500,A G West Black Hills High School,41,18,0,1,0,3,3,32,27,15,5,55.6,25.9,18.5
34033,Tumwater,5014,New Market High School,0,8,0,0,0,1,1,2,6,2,2,33.3,33.3,33.3
34033,Tumwater,1713,Secondary Options,0,9,0,0,0,3,2,0,9,2,2,22.2,55.6,22.2
34033,Tumwater,3362,Tumwater High School,38,12,0,1,0,5,5,21,29,16,2,55.2,37.9,6.9
27083,University Place,3600,Curtis Senior High,7,56,0,1,2,6,1,21,42,31,1,73.8,23.8,2.4
06037,Vancouver,3423,Columbia River High,39,20,0,0,0,2,1,30,29,21,5,72.4,10.3,17.2
06037,Vancouver,1574,Fir Grove Childrens Center,5,8,0,0,0,2,0,11,2,0,0,0.0,100.0,0.0
06037,Vancouver,2179,Fort Vancouver High School,71,34,0,0,2,5,10,67,38,18,3,47.4,44.7,7.9
06037,Vancouver,1738,Gate Program,0,10,0,0,0,0,1,6,4,0,3,0.0,25.0,75.0
06037,Vancouver,3081,Hudson's Bay High School,68,35,0,1,1,6,3,66,37,23,3,62.2,29.7,8.1
06037,Vancouver,3932,Lewis And Clark High School,14,18,0,1,0,4,1,15,17,9,2,52.9,35.3,11.8
06037,Vancouver,4504,Skyview High School,48,22,0,0,1,3,3,40,30,21,2,70.0,23.3,6.7
06037,Vancouver,4524,Vancouver Alternative Programs,2,24,0,0,3,7,5,11,15,0,0,0.0,100.0,0.0
06037,Vancouver,3556,Vancouver Home Connection,0,0,0,0,0,0,0,0,0,0,0,,,
06037,Vancouver,1689,Vancouver School of Arts and Academics,4,0,0,0,0,0,0,3,1,1,0,100.0,0.0,0.0
06037,Vancouver,5149,Vancouver Virtual Learning Academy,0,3,0,0,0,0,1,2,1,0,0,0.0,100.0,0.0
17402,Vashon Island,1822,Family Link,0,0,0,0,0,0,0,0,0,0,0,,,
17402,Vashon Island,1938,Student Link,0,3,0,0,0,0,0,1,2,2,0,100.0,0.0,0.0
17402,Vashon Island,2419,Vashon Island High School,10,0,0,0,0,0,0,4,6,5,1,83.3,0.0,16.7
34975,WA State Center for Childhood Deafness & Hearing Loss,4246,Washington State School for the Deaf,12,5,0,0,0,0,0,5,12,8,4,66.7,0.0,33.3
35200,Wahkiakum,3467,Wahkiakum High School,6,2,0,0,0,0,0,5,3,2,1,66.7,0.0,33.3
13073,Wahluke,1835,Sentinel Tech Alt School,0,0,0,0,0,0,0,0,0,0,0,,,
13073,Wahluke,4254,Wahluke High School,11,1,0,1,0,1,0,1,11,7,2,63.6,18.2,18.2
36401,Waitsburg,2386,Waitsburg High School,7,2,0,0,0,0,0,6,3,3,0,100.0,0.0,0.0
36140,Walla Walla,2407,Alternative Education Program,0,6,0,0,0,0,2,2,4,2,0,50.0,50.0,0.0
36140,Walla Walla,4071,Lincoln High School,10,21,0,0,0,2,2,15,16,12,0,75.0,25.0,0.0
36140,Walla Walla,3468,Walla Walla High School,57,12,0,0,0,0,3,32,37,26,8,70.3,8.1,21.6
39207,Wapato,4022,Pace Alternative High School,3,5,0,1,0,0,2,4,4,0,1,0.0,75.0,25.0
39207,Wapato,3141,Wapato High School,18,6,0,0,1,1,0,11,13,8,3,61.5,15.4,23.1
13146,Warden,3273,Warden High School,4,3,0,0,0,1,0,5,2,1,0,50.0,50.0,0.0
06112,Washougal,1528,Excelsior High School,0,2,0,0,0,0,1,0,2,1,0,50.0,50.0,0.0
06112,Washougal,3147,Washougal High School,26,16,0,0,1,2,0,16,26,21,2,80.8,11.5,7.7
06112,Washougal,1899,Washougal Special Services,0,0,0,0,0,0,0,0,0,0,0,,,
01109,Washtucna,3075,Washtucna Elementary/High School,0,0,0,0,0,0,0,0,0,0,0,,,
09209,Waterville,2162,Waterville High School,3,1,0,0,0,0,0,0,4,4,0,100.0,0.0,0.0
33049,Wellpinit,5957,Wellpinit Alliance - Yakama Nation,0,0,0,0,0,0,0,0,0,0,0,,,
33049,Wellpinit,5217,Wellpinit Alliance -Columbia Basin J.C.,0,0,0,0,0,0,0,0,0,0,0,,,
33049,Wellpinit,1851,Wellpinit Alliance High School,0,2,0,0,0,1,0,1,1,0,0,0.0,100.0,0.0
33049,Wellpinit,2550,Wellpinit High School,4,2,0,0,0,0,0,4,2,2,0,100.0,0.0,0.0
33049,Wellpinit,1911,Wellpinit-Fort Semco High School,0,0,0,0,0,0,0,0,0,0,0,,,
04246,Wenatchee,1612,Skill Source,0,9,0,0,0,3,4,2,7,0,0,0.0,100.0,0.0
04246,Wenatchee,1742,Valley Academy Of Learning,0,0,0,0,0,0,0,0,0,0,0,,,
04246,Wenatchee,2134,Wenatchee High School,39,10,1,2,1,2,1,28,21,11,3,52.4,33.3,14.3
04246,Wenatchee,1613,Westside High School,1,7,0,0,0,3,0,3,5,2,0,40.0,60.0,0.0
32363,West Valley (Spokane),1628,CBE Alternative Programs,0,20,0,0,1,2,3,5,15,4,5,26.7,40.0,33.3
32363,West Valley (Spokane),1838,Spokane Valley High School,4,2,0,0,1,0,0,0,6,5,0,83.3,16.7,0.0
32363,West Valley (Spokane),1842,Spokane Valley Transition School,2,13,0,0,1,2,2,7,8,3,0,37.5,62.5,0.0
32363,West Valley (Spokane),3195,West Valley High School,22,9,0,1,0,0,1,13,18,13,3,72.2,11.1,16.7
39208,West Valley (Yakima),3074,West Valley High School,2,32,1,1,2,2,0,17,17,11,0,64.7,35.3,0.0
39208,West Valley (Yakima),4040,West Valley Jr High,34,1,0,1,0,0,0,34,1,0,0,0.0,100.0,0.0
21303,White Pass,2859,White Pass Jr. Sr. High School,8,2,0,0,1,0,0,5,5,3,1,60.0,20.0,20.0
27416,White River,1544,Collins Alternative Programs,12,33,2,2,1,2,6,21,24,8,3,33.3,54.2,12.5
27416,White River,4569,White River High School,43,11,0,1,3,3,2,17,37,26,2,70.3,24.3,5.4
20405,White Salmon Valley,2330,Columbia High School,15,1,1,0,1,0,0,4,12,9,1,75.0,16.7,8.3
20405,White Salmon Valley,5077,White Salmon Academy,0,2,0,0,0,0,0,0,2,2,0,100.0,0.0,0.0
22200,Wilbur,3289,Wilbur Secondary School,4,1,0,0,0,0,0,3,2,2,0,100.0,0.0,0.0
25160,Willapa Valley,2542,Willapa Valley Middle-High,5,0,0,0,0,0,0,1,4,4,0,100.0,0.0,0.0
13167,Wilson Creek,2473,Wilson Creek High,0,0,0,0,0,0,0,0,0,0,0,,,
21232,Winlock,1829,Apolo High School,0,4,0,0,0,2,0,1,3,1,0,33.3,66.7,0.0
21232,Winlock,3597,Winlock Senior High,7,2,0,0,0,0,0,7,2,2,0,100.0,0.0,0.0
14117,Wishkah Valley,3375,Wishkah Valley Elementary/High School,5,1,0,0,1,1,0,3,3,1,0,33.3,66.7,0.0
20094,Wishram,2605,Wishram High And Elementary Schl,0,0,0,0,0,0,0,0,0,0,0,,,
08404,Woodland,1795,TEAM High School,0,3,0,0,0,0,0,2,1,1,0,100.0,0.0,0.0
08404,Woodland,3546,Woodland High School,21,7,0,0,3,0,0,10,18,15,0,83.3,16.7,0.0
39007,Yakima,2116,Davis High School,73,27,0,1,1,4,2,58,42,32,2,76.2,19.0,4.8
39007,Yakima,3206,Eisenhower High School,86,15,0,0,0,4,9,48,53,33,7,62.3,24.5,13.2
39007,Yakima,4093,Stanton Alternative School,3,30,0,1,2,5,3,17,16,4,1,25.0,68.8,6.3
39007,Yakima,5153,Yakima Online,0,5,0,0,0,0,0,4,1,1,0,100.0,0.0,0.0
39007,Yakima,5224,Yakima Satellite Alternative Programs,0,3,0,0,0,0,2,0,3,0,1,0.0,66.7,33.3
34002,Yelm,5052,Ridgeline Middle School,0,0,0,0,0,0,0,0,0,0,0,,,
34002,Yelm,1627,Yelm Extension School,1,7,0,0,0,0,1,6,2,1,0,50.0,50.0,0.0
34002,Yelm,2633,Yelm High School 12,8,61,0,0,1,3,6,31,38,25,3,65.8,26.3,7.9
39205,Zillah,2240,Zillah High School,15,7,0,0,0,0,0,8,14,14,0,100.0,0.0,0.0
